<?xml version="1.0" encoding="UTF-8"?>
<metadata xml:lang="en"><Esri><CreaDate>20240313</CreaDate><CreaTime>15345800</CreaTime><ArcGISFormat>1.0</ArcGISFormat><SyncOnce>TRUE</SyncOnce><DataProperties><lineage><Process ToolSource="c:\program files\arcgis\pro\Resources\ArcToolbox\toolboxes\Data Management Tools.tbx\CopyFeatures" Date="20240313" Time="153458">CopyFeatures Colleges_and_Universities "C:\NRS 528\NRS_528_Python\Midterm_Coding_Challenge\Colleges_and_Universities_in_RI.shp" # # # #</Process></lineage></DataProperties></Esri></metadata>
