<?xml version="1.0" encoding="UTF-8"?>
<metadata xml:lang="en"><Esri><CreaDate>20231128</CreaDate><CreaTime>20394100</CreaTime><ArcGISFormat>1.0</ArcGISFormat><SyncOnce>FALSE</SyncOnce><DataProperties><itemProps><itemName Sync="TRUE">Natural_Heritage_Areas__2023_</itemName><itemSize Sync="TRUE">0.000</itemSize><imsContentType Sync="TRUE" export="False">002</imsContentType><nativeExtBox><westBL Sync="TRUE">220504.428226</westBL><eastBL Sync="TRUE">431204.428085</eastBL><southBL Sync="TRUE">23048.491822</southBL><northBL Sync="TRUE">339145.393091</northBL><exTypeCode Sync="TRUE">1</exTypeCode></nativeExtBox></itemProps><coordRef><type Sync="TRUE">Projected</type><geogcsn Sync="TRUE">GCS_North_American_1983</geogcsn><csUnits Sync="TRUE">Linear Unit: Foot_US (0.304801)</csUnits><projcsn Sync="TRUE">NAD_1983_StatePlane_Rhode_Island_FIPS_3800_Feet</projcsn><peXml Sync="TRUE">&lt;ProjectedCoordinateSystem xsi:type='typens:ProjectedCoordinateSystem' xmlns:xsi='http://www.w3.org/2001/XMLSchema-instance' xmlns:xs='http://www.w3.org/2001/XMLSchema' xmlns:typens='http://www.esri.com/schemas/ArcGIS/3.2.0'&gt;&lt;WKT&gt;PROJCS[&amp;quot;NAD_1983_StatePlane_Rhode_Island_FIPS_3800_Feet&amp;quot;,GEOGCS[&amp;quot;GCS_North_American_1983&amp;quot;,DATUM[&amp;quot;D_North_American_1983&amp;quot;,SPHEROID[&amp;quot;GRS_1980&amp;quot;,6378137.0,298.257222101]],PRIMEM[&amp;quot;Greenwich&amp;quot;,0.0],UNIT[&amp;quot;Degree&amp;quot;,0.0174532925199433]],PROJECTION[&amp;quot;Transverse_Mercator&amp;quot;],PARAMETER[&amp;quot;False_Easting&amp;quot;,328083.3333333333],PARAMETER[&amp;quot;False_Northing&amp;quot;,0.0],PARAMETER[&amp;quot;Central_Meridian&amp;quot;,-71.5],PARAMETER[&amp;quot;Scale_Factor&amp;quot;,0.99999375],PARAMETER[&amp;quot;Latitude_Of_Origin&amp;quot;,41.08333333333334],UNIT[&amp;quot;Foot_US&amp;quot;,0.3048006096012192],AUTHORITY[&amp;quot;EPSG&amp;quot;,3438]]&lt;/WKT&gt;&lt;XOrigin&gt;-18120300&lt;/XOrigin&gt;&lt;YOrigin&gt;-47742100&lt;/YOrigin&gt;&lt;XYScale&gt;3048.0060960121918&lt;/XYScale&gt;&lt;ZOrigin&gt;-100000&lt;/ZOrigin&gt;&lt;ZScale&gt;10000&lt;/ZScale&gt;&lt;MOrigin&gt;-100000&lt;/MOrigin&gt;&lt;MScale&gt;10000&lt;/MScale&gt;&lt;XYTolerance&gt;0.0032808333333333331&lt;/XYTolerance&gt;&lt;ZTolerance&gt;0.001&lt;/ZTolerance&gt;&lt;MTolerance&gt;0.001&lt;/MTolerance&gt;&lt;HighPrecision&gt;true&lt;/HighPrecision&gt;&lt;WKID&gt;102730&lt;/WKID&gt;&lt;LatestWKID&gt;3438&lt;/LatestWKID&gt;&lt;/ProjectedCoordinateSystem&gt;</peXml></coordRef></DataProperties><SyncDate>20231128</SyncDate><SyncTime>11592800</SyncTime><ModDate>20231128</ModDate><ModTime>12192400</ModTime><scaleRange><minScale>150000000</minScale><maxScale>5000</maxScale></scaleRange><ArcGISProfile>FGDC</ArcGISProfile></Esri><eainfo><detailed Name="Natural_Heritage_Areas__2023_"><enttyp><enttypl Sync="TRUE">Natural_Heritage_Areas__2023_</enttypl><enttypt Sync="TRUE">Feature Class</enttypt><enttypc Sync="TRUE">0</enttypc></enttyp><attr><attrlabl Sync="TRUE">OBJECTID</attrlabl><attalias Sync="TRUE">OBJECTID</attalias><attrtype Sync="TRUE">OID</attrtype><attwidth Sync="TRUE">4</attwidth><atprecis Sync="TRUE">0</atprecis><attscale Sync="TRUE">0</attscale><attrdef Sync="TRUE">Internal feature number.</attrdef><attrdefs Sync="TRUE">Esri</attrdefs><attrdomv><udom Sync="TRUE">Sequential unique whole numbers that are automatically generated.</udom></attrdomv></attr><attr><attrlabl Sync="TRUE">Shape</attrlabl><attalias Sync="TRUE">Shape</attalias><attrtype Sync="TRUE">Geometry</attrtype><attwidth Sync="TRUE">0</attwidth><atprecis Sync="TRUE">0</atprecis><attscale Sync="TRUE">0</attscale><attrdef Sync="TRUE">Feature geometry.</attrdef><attrdefs Sync="TRUE">Esri</attrdefs><attrdomv><udom Sync="TRUE">Coordinates defining the features.</udom></attrdomv></attr><attr><attrlabl Sync="TRUE">Id</attrlabl><attalias Sync="TRUE">Id</attalias><attrtype Sync="TRUE">Integer</attrtype><attwidth Sync="TRUE">4</attwidth><atprecis Sync="TRUE">0</atprecis><attscale Sync="TRUE">0</attscale></attr><attr><attrlabl Sync="TRUE">Shape_Length</attrlabl><attalias Sync="TRUE">Shape_Length</attalias><attrtype Sync="TRUE">Double</attrtype><attwidth Sync="TRUE">8</attwidth><atprecis Sync="TRUE">0</atprecis><attscale Sync="TRUE">0</attscale><attrdef Sync="TRUE">Length of feature in internal units.</attrdef><attrdefs Sync="TRUE">Esri</attrdefs><attrdomv><udom Sync="TRUE">Positive real numbers that are automatically generated.</udom></attrdomv></attr><attr><attrlabl Sync="TRUE">Shape_Area</attrlabl><attalias Sync="TRUE">Shape_Area</attalias><attrtype Sync="TRUE">Double</attrtype><attwidth Sync="TRUE">8</attwidth><atprecis Sync="TRUE">0</atprecis><attscale Sync="TRUE">0</attscale><attrdef Sync="TRUE">Area of feature in internal units squared.</attrdef><attrdefs Sync="TRUE">Esri</attrdefs><attrdomv><udom Sync="TRUE">Positive real numbers that are automatically generated.</udom></attrdomv></attr></detailed></eainfo><dataIdInfo><envirDesc Sync="FALSE">Esri ArcGIS 13.2.0.49743</envirDesc><dataLang><languageCode value="eng" Sync="TRUE"/><countryCode value="USA" Sync="TRUE"/></dataLang><idCitation><resTitle Sync="FALSE">Natural_Heritage_Areas_2023</resTitle><presForm><PresFormCd value="005" Sync="TRUE"/></presForm><date><pubDate>2023-11-28T00:00:00</pubDate></date><citRespParty><rpIndName>Paul Jordan</rpIndName><rpOrgName>Rhode Island Department of Environmental Management</rpOrgName><role><RoleCd value="006"/></role></citRespParty></idCitation><spatRpType><SpatRepTypCd value="001" Sync="TRUE"/></spatRpType><dataExt><geoEle><GeoBndBox esriExtentType="search"><exTypeCode Sync="TRUE">1</exTypeCode><westBL Sync="TRUE">-71.895858</westBL><eastBL Sync="TRUE">-71.120545</eastBL><northBL Sync="TRUE">42.014075</northBL><southBL Sync="TRUE">41.145930</southBL></GeoBndBox></geoEle><tempEle><TempExtent><exTemp><TM_Instant><tmPosition>2023-11-28T00:00:00</tmPosition></TM_Instant></exTemp></TempExtent></tempEle><exDesc>2023</exDesc></dataExt><idPurp>This dataset was developed as an aid in the identification and protection of plant and animal community habitats listed in the RI Natural Heritage Data.</idPurp><idAbs>&lt;DIV STYLE="text-align:Left;"&gt;&lt;DIV&gt;&lt;DIV&gt;&lt;P&gt;&lt;SPAN&gt;RI Natural Heritage Areas serves as an aid in the conservation of state listed rare, threatened or endangered plant and animal species found in Rhode Island.&lt;/SPAN&gt;&lt;SPAN&gt; The Natural Heritage Areas were developed from a kernel density analysis of Heritage data element occurrences (EO). The calculation, based on a 30 meter pixel size, determines the mean number of EOs per square kilometer for each pixel within a one kilometer search radius. Non-statistically significant areas were eliminated and the remaining areas converted to a polygon dataset. Element Occurrences are discreet observations of a community or nesting site of State or Federally listed rare or threatened species OR species deemed noteworthy by the State.&lt;/SPAN&gt;&lt;/P&gt;&lt;/DIV&gt;&lt;/DIV&gt;&lt;/DIV&gt;</idAbs><idCredit>Rhode Island Department of Environmental Management</idCredit><searchKeys><keyword>BIO</keyword><keyword>RIGIS</keyword><keyword>natural heritage</keyword><keyword>flora</keyword><keyword>fauna</keyword><keyword>rare</keyword><keyword>endangered</keyword></searchKeys><placeKeys><keyword>United States, New England, Rhode Island</keyword></placeKeys><dataChar><CharSetCd value="004"/></dataChar><idStatus><ProgCd value="001"/></idStatus><resMaint><maintFreq><MaintFreqCd value="008"/></maintFreq></resMaint><idPoC><rpIndName>Paul Jordan</rpIndName><rpOrgName>Rhode Island Department of Environmental Management</rpOrgName><role><RoleCd value="006"/></role><rpCntInfo><cntAddress addressType="both"><delPoint>235 Promenade Street</delPoint><city>Providence</city><adminArea>RI</adminArea><postCode>02908</postCode></cntAddress></rpCntInfo><displayName>Paul Jordan</displayName></idPoC><resConst><Consts><useLimit>&lt;DIV STYLE="text-align:Left;"&gt;&lt;DIV&gt;&lt;DIV&gt;&lt;P&gt;&lt;SPAN&gt;This dataset is provided 'as is.’ The producer(s) of this dataset, contributors to this dataset, the Rhode Island Geographic Information System (RIGIS) consortium, the State of Rhode Island, and the University of Rhode Island do not make any warranties of any kind for this dataset and are not liable for any loss or damage however and whenever caused by any use of this dataset. Please acknowledge both RIGIS and the primary producer(s) of this dataset in any derived products.  Versions of the RIGIS logo suitable for both printed and web-based products are available at https://info.rigis.org/pages/logos &lt;/SPAN&gt;&lt;/P&gt;&lt;/DIV&gt;&lt;/DIV&gt;&lt;/DIV&gt;</useLimit></Consts></resConst><resConst><LegConsts><useLimit>This dataset is provided 'as is.' The producer(s) of   this dataset, contributors to this dataset, the Rhode Island Geographic Information  System (RIGIS) consortium, the State of Rhode Island, and the University of Rhode  Island do not make any warranties of any kind for this dataset, and are not liable for any  loss or damage however and whenever caused by any use of this dataset. </useLimit></LegConsts></resConst><tpCat><TopicCatCd value="002"/></tpCat><tpCat><TopicCatCd value="007"/></tpCat></dataIdInfo><mdLang><languageCode value="eng" Sync="TRUE"/><countryCode value="USA" Sync="TRUE"/></mdLang><distInfo><distFormat><formatName Sync="TRUE">File Geodatabase Feature Class</formatName></distFormat><distTranOps><transSize Sync="TRUE">0.000</transSize></distTranOps></distInfo><mdHrLv><ScopeCd value="005" Sync="TRUE"/></mdHrLv><mdHrLvName Sync="TRUE">dataset</mdHrLvName><refSysInfo><RefSystem><refSysID><identCode code="3438" Sync="TRUE"/><idCodeSpace Sync="TRUE">EPSG</idCodeSpace><idVersion Sync="TRUE">6.12(9.3.0.0)</idVersion></refSysID></RefSystem></refSysInfo><spatRepInfo><VectSpatRep><geometObjs Name="Natural_Heritage_Areas__2023_"><geoObjTyp><GeoObjTypCd value="002" Sync="TRUE"/></geoObjTyp><geoObjCnt Sync="TRUE">0</geoObjCnt></geometObjs><topLvl><TopoLevCd value="001" Sync="TRUE"/></topLvl></VectSpatRep></spatRepInfo><spdoinfo><ptvctinf><esriterm Name="Natural_Heritage_Areas__2023_"><efeatyp Sync="TRUE">Simple</efeatyp><efeageom code="4" Sync="TRUE"/><esritopo Sync="TRUE">FALSE</esritopo><efeacnt Sync="TRUE">0</efeacnt><spindex Sync="TRUE">TRUE</spindex><linrefer Sync="TRUE">FALSE</linrefer></esriterm></ptvctinf></spdoinfo><mdDateSt Sync="TRUE">20231128</mdDateSt><mdContact><rpIndName>Paul Jordan</rpIndName><rpOrgName>Rhode Island Department of Environmental Management</rpOrgName><role><RoleCd value="006"/></role><rpCntInfo><cntAddress addressType="both"><city>Providence</city><adminArea>RI</adminArea><postCode>02908</postCode><eMailAdd>paul.jordan@dem.ri.gov</eMailAdd></cntAddress><cntPhone><voiceNum tddtty="">401</voiceNum></cntPhone></rpCntInfo><displayName>Paul Jordan</displayName></mdContact><mdMaint><maintFreq><MaintFreqCd value="008"/></maintFreq></mdMaint><dqInfo><dataLineage><prcStep><stepDesc>The Natural Heritage Areas were developed from a kernel density analysis of Heritage data element occurrences (EO). The calculation, based on a 30 meter pixel size, determines the mean number of EOs per square kilometer for each pixel within a one kilometer search radius. Non-statistically significant areas were eliminated and the remaining areas converted to a polygon dataset. Element Occurrences are discreet observations of a community or nesting site of State or Federally listed rare or threatened species OR species deemed noteworthy by the State.
</stepDesc><stepProc><rpIndName>Paul Jordan</rpIndName><rpOrgName>Rhode Island Department of Environmental Management</rpOrgName><role><RoleCd value="006"/></role><displayName>Paul Jordan</displayName></stepProc></prcStep><statement>Data received from RIDEM </statement></dataLineage></dqInfo></metadata>
